,id,Location,Camera,File Name,Image,Image Width,Image Height,x,y,w,h
0,0,LL_115-116,NikonD780,DSC_3125.JPG,DSC_3125,4024,6048,3882,230,350,355
1,1,LL_115-116,NikonD780,DSC_3460.JPG,DSC_3460,6048,4024,1282,3163,528,565
2,2,LL_115-116,NikonD780,DSC_3452.JPG,DSC_3452,4024,6048,1911,3116,549,545
3,3,LL_115-116,NikonD780,DSC_3200.JPG,DSC_3200,4024,6048,57,3330,440,478
4,4,LL_115-116,NikonD780,DSC_3207.JPG,DSC_3207,4024,6048,934,869,393,412
5,5,LL_115-116,NikonD780,DSC_3827.JPG,DSC_3827,4024,6048,57,2676,696,867
6,6,LL_115-116,NikonD780,DSC_3503.JPG,DSC_3503,4024,6048,4366,2694,559,502
7,7,LL_115-116,NikonD780,DSC_3504.JPG,DSC_3504,4024,6048,4123,3026,606,554
8,8,LL_115-116,NikonD780,DSC_3831.JPG,DSC_3831,4024,6048,2792,2907,876,910
9,9,LL_115-116,NikonD780,DSC_3211.JPG,DSC_3211,6048,4024,3427,1955,339,308
10,10,LL_115-116,NikonD780,DSC_3133.JPG,DSC_3133,4024,6048,4256,2870,469,445
11,11,LL_115-116,NikonD780,DSC_3134.JPG,DSC_3134,4024,6048,4237,3406,478,473
13,13,LL_115-116,NikonD780,DSC_3146.JPG,DSC_3146,4024,6048,2470,429,431,455
14,14,LL_115-116,NikonD780,DSC_3197.JPG,DSC_3197,6048,4024,3345,4174,540,496
15,15,LL_115-116,NikonD780,DSC_3251.JPG,DSC_3251,6048,4024,3068,786,421,389
16,16,LL_115-116,NikonD780,DSC_3141.JPG,DSC_3141,6048,4024,2999,3766,477,433
17,17,LL_115-116,NikonD780,DSC_3190.JPG,DSC_3190,6048,4024,3723,2584,301,477
18,18,LL_115-116,NikonD780,DSC_3256.JPG,DSC_3256,6048,4024,151,389,484,440
19,19,LL_115-116,NikonD780,DSC_3505.JPG,DSC_3505,4024,6048,4555,3201,549,526
20,20,LL_115-116,NikonD780,DSC_3208.JPG,DSC_3208,4024,6048,1171,376,417,398
21,21,LL_115-116,NikonD780,DSC_3502.JPG,DSC_3502,4024,6048,4375,1936,545,507
22,22,LL_115-116,NikonD780,DSC_3206.JPG,DSC_3206,4024,6048,791,1083,402,388
23,23,LL_115-116,NikonD780,DSC_3826.JPG,DSC_3826,6048,4024,1887,364,823,704
24,24,LL_115-116,NikonD780,DSC_3453.JPG,DSC_3453,4024,6048,2138,3524,530,497
25,25,LL_115-116,NikonD780,DSC_3201.JPG,DSC_3201,4024,6048,375,2861,421,393
26,26,LL_115-116,NikonD780,DSC_3461.JPG,DSC_3461,6048,4024,1239,3577,502,528
27,27,LL_115-116,NikonD780,DSC_3140.JPG,DSC_3140,6048,4024,2974,3646,433,408
28,28,LL_115-116,NikonD780,DSC_3191.JPG,DSC_3191,6048,4024,3320,2395,433,440
29,29,LL_115-116,NikonD780,DSC_3257.JPG,DSC_3257,6048,4024,0,798,408,358
30,30,LL_115-116,NikonD780,DSC_3147.JPG,DSC_3147,4024,6048,2119,21,455,426
31,31,LL_115-116,NikonD780,DSC_3196.JPG,DSC_3196,6048,4024,3143,3804,534,509
32,32,LL_115-116,NikonD780,DSC_3250.JPG,DSC_3250,6048,4024,3484,755,389,333
34,34,LL_115-116,NikonD780,DSC_3132.JPG,DSC_3132,6048,4024,2188,1509,427,377
35,35,LL_115-116,NikonD780,DSC_3210.JPG,DSC_3210,4024,6048,1394,0,369,334
36,36,LL_115-116,NikonD780,DSC_3445.JPG,DSC_3445,4024,6048,2019,253,483,402
37,37,LL_115-116,NikonD780,DSC_3138.JPG,DSC_3138,6048,4024,3715,3256,308,396
38,38,LL_115-116,NikonD780,DSC_3144.JPG,DSC_3144,4024,6048,2711,1913,436,473
39,39,LL_115-116,NikonD780,DSC_3253.JPG,DSC_3253,6048,4024,1704,25,452,440
40,40,LL_115-116,NikonD780,DSC_3195.JPG,DSC_3195,6048,4024,2597,3734,477,452
41,41,LL_115-116,NikonD780,DSC_3143.JPG,DSC_3143,6048,4024,2609,3257,465,427
42,42,LL_115-116,NikonD780,DSC_3254.JPG,DSC_3254,4024,6048,5,2391,379,478
43,43,LL_115-116,NikonD780,DSC_3192.JPG,DSC_3192,6048,4024,2899,2332,477,484
44,44,LL_115-116,NikonD780,DSC_3131.JPG,DSC_3131,6048,4024,1811,1578,465,446
45,45,LL_115-116,NikonD780,DSC_3446.JPG,DSC_3446,4024,6048,2081,676,473,407
46,46,LL_115-116,NikonD780,DSC_3834.JPG,DSC_3834,6048,4024,1176,2490,1024,955
47,47,LL_115-116,NikonD780,DSC_3833.JPG,DSC_3833,6048,4024,1748,2634,974,855
48,48,LL_115-116,NikonD780,DSC_3965.JPG,DSC_3965,4024,6048,4404,3287,1175,725
49,49,LL_115-116,NikonD780,DSC_3962.JPG,DSC_3962,4024,6048,1133,1912,758,780
50,50,LL_115-116,NikonD780,DSC_3448.JPG,DSC_3448,4024,6048,1796,1817,488,450
51,51,LL_115-116,NikonD780,DSC_3499.JPG,DSC_3499,4024,6048,4071,0,582,329
52,52,LL_115-116,NikonD780,DSC_3459.JPG,DSC_3459,6048,4024,2207,3018,553,553
53,53,LL_115-116,NikonD780,DSC_3501.JPG,DSC_3501,4024,6048,4465,946,530,492
54,54,LL_115-116,NikonD780,DSC_3506.JPG,DSC_3506,4024,6048,4906,3491,507,459
55,55,LL_115-116,NikonD780,DSC_3450.JPG,DSC_3450,4024,6048,1469,2377,516,521
56,56,LL_115-116,NikonD780,DSC_3508.JPG,DSC_3508,6048,4024,3200,427,484,440
57,57,LL_115-116,NikonD780,DSC_3202.JPG,DSC_3202,4024,6048,337,2732,393,398
58,58,LL_115-116,NikonD780,DSC_3205.JPG,DSC_3205,4024,6048,673,1576,360,369
59,59,LL_115-116,NikonD780,DSC_3825.JPG,DSC_3825,6048,4024,2993,528,779,678
60,60,LL_115-116,NikonD780,DSC_3127.JPG,DSC_3127,6048,4024,893,2011,383,396
61,61,LL_115-116,NikonD780,DSC_3462.JPG,DSC_3462,6048,4024,1157,3565,496,521
62,62,LL_115-116,NikonD780,DSC_3129.JPG,DSC_3129,6048,4024,1389,1855,396,377
63,63,LL_115-116,NikonD780,DSC_3963.JPG,DSC_3963,6048,4024,1586,1214,476,1245
64,64,LL_115-116,NikonD780,DSC_3449.JPG,DSC_3449,4024,6048,1664,2130,521,492
65,65,LL_115-116,NikonD780,DSC_3964.JPG,DSC_3964,6048,4024,2100,3408,1068,1175
66,66,LL_115-116,NikonD780,DSC_3832.JPG,DSC_3832,6048,4024,2533,2282,1012,886
67,67,LL_115-116,NikonD780,DSC_3447.JPG,DSC_3447,4024,6048,2047,1259,478,445
68,68,LL_115-116,NikonD780,DSC_3835.JPG,DSC_3835,6048,4024,289,2433,1024,924
69,69,LL_115-116,NikonD780,DSC_3130.JPG,DSC_3130,6048,4024,1628,1691,402,421
70,70,LL_115-116,NikonD780,DSC_3142.JPG,DSC_3142,6048,4024,3106,3779,534,465
71,71,LL_115-116,NikonD780,DSC_3255.JPG,DSC_3255,4024,6048,0,2894,492,483
72,72,LL_115-116,NikonD780,DSC_3193.JPG,DSC_3193,6048,4024,2395,2263,458,446
73,73,LL_115-116,NikonD780,DSC_3139.JPG,DSC_3139,6048,4024,3558,3426,440,421
74,74,LL_115-116,NikonD780,DSC_3145.JPG,DSC_3145,4024,6048,2579,822,431,450
75,75,LL_115-116,NikonD780,DSC_3252.JPG,DSC_3252,6048,4024,2320,497,446,370
76,76,LL_115-116,NikonD780,DSC_3194.JPG,DSC_3194,6048,4024,1679,2138,458,477
77,77,LL_115-116,NikonD780,DSC_3128.JPG,DSC_3128,6048,4024,1170,1917,389,370
78,78,LL_115-116,NikonD780,DSC_3126.JPG,DSC_3126,6048,4024,592,1955,433,370
79,79,LL_115-116,NikonD780,DSC_3463.JPG,DSC_3463,6048,4024,415,3269,452,515
80,80,LL_115-116,NikonD780,DSC_3204.JPG,DSC_3204,4024,6048,290,1771,383,355
81,81,LL_115-116,NikonD780,DSC_3451.JPG,DSC_3451,4024,6048,1517,2837,549,545
82,82,LL_115-116,NikonD780,DSC_3509.JPG,DSC_3509,6048,4024,994,5551,471,484
83,83,LL_115-116,NikonD780,DSC_3203.JPG,DSC_3203,4024,6048,5,1960,341,388
84,84,LL_115-116,NikonD780,DSC_3507.JPG,DSC_3507,4024,6048,5138,3462,511,436
85,85,LL_115-116,NikonD780,DSC_3458.JPG,DSC_3458,4024,6048,2977,2742,535,535
86,86,LL_115-116,NikonD780,DSC_3500.JPG,DSC_3500,4024,6048,4299,235,559,549
87,87,PAL_FR36_2020-12-13,NikonD7000_18mm,DSC_6792.JPG,DSC_6792,3264,4928,2047,2069,320,301
88,88,PAL_FR36_2020-12-13,NikonD7000_18mm,DSC_5120.JPG,DSC_5120,3264,4928,3286,1443,317,317
89,89,PAL_FR36_2020-12-13,NikonD7000_18mm,DSC_6795.JPG,DSC_6795,3264,4928,1734,0,328,307
90,90,PAL_FR36_2020-12-13,NikonD7000_18mm,DSC_5127.JPG,DSC_5127,3264,4928,3719,590,271,340
92,92,PAL_FR36_2020-12-13,NikonD7000_18mm,DSC_5410.JPG,DSC_5410,3264,4928,2854,1416,297,285
93,93,PAL_FR36_2020-12-13,NikonD7000_18mm,DSC_6778.JPG,DSC_6778,3264,4928,1919,1902,324,320
94,94,PAL_FR36_2020-12-13,NikonD7000_18mm,DSC_5277.JPG,DSC_5277,3264,4928,4356,2976,332,287
95,95,PAL_FR36_2020-12-13,NikonD7000_18mm,DSC_6771.JPG,DSC_6771,3264,4928,2573,1790,371,364
96,96,PAL_FR36_2020-12-13,NikonD7000_18mm,DSC_5112.JPG,DSC_5112,3264,4928,2715,2856,220,243
97,97,PAL_FR36_2020-12-13,NikonD7000_18mm,DSC_6776.JPG,DSC_6776,3264,4928,2790,1442,309,325
98,98,PAL_FR36_2020-12-13,NikonD7000_18mm,DSC_5115.JPG,DSC_5115,3264,4928,2630,2671,251,285
99,99,PAL_FR36_2020-12-13,NikonD7000_18mm,DSC_6767.JPG,DSC_6767,3264,4928,3006,1481,340,348
100,100,PAL_FR36_2020-12-13,NikonD7000_18mm,DSC_6769.JPG,DSC_6769,3264,4928,2530,1779,301,316
101,101,PAL_FR36_2020-12-13,NikonD7000_18mm,DSC_5406.JPG,DSC_5406,3264,4928,3097,2945,262,274
102,102,PAL_FR36_2020-12-13,NikonD7000_18mm,DSC_5138.JPG,DSC_5138,3264,4928,1827,3145,285,118
103,103,PAL_FR36_2020-12-13,NikonD7000_18mm,DSC_5136.JPG,DSC_5136,3264,4928,1302,1736,339,332
105,105,PAL_FR36_2020-12-13,NikonD7000_18mm,DSC_5408.JPG,DSC_5408,3264,4928,3069,2194,317,325
108,108,PAL_FR36_2020-12-13,NikonD7000_18mm,DSC_6777.JPG,DSC_6777,3264,4928,2255,1512,309,340
109,109,PAL_FR36_2020-12-13,NikonD7000_18mm,DSC_5114.JPG,DSC_5114,3264,4928,2572,2571,266,297
110,110,PAL_FR36_2020-12-13,NikonD7000_18mm,DSC_6770.JPG,DSC_6770,3264,4928,2627,1643,333,348
111,111,PAL_FR36_2020-12-13,NikonD7000_18mm,DSC_5113.JPG,DSC_5113,3264,4928,2777,2667,243,281
113,113,PAL_FR36_2020-12-13,NikonD7000_18mm,DSC_5276.JPG,DSC_5276,3264,4928,4206,2625,285,289
114,114,PAL_FR36_2020-12-13,NikonD7000_18mm,DSC_5271.JPG,DSC_5271,3264,4928,2734,72,254,223
115,115,PAL_FR36_2020-12-13,NikonD7000_18mm,DSC_6779.JPG,DSC_6779,3264,4928,1310,2114,339,332
117,117,PAL_FR36_2020-12-13,NikonD7000_18mm,DSC_5411.JPG,DSC_5411,3264,4928,2723,1072,301,297
118,118,PAL_FR36_2020-12-13,NikonD7000_18mm,DSC_5126.JPG,DSC_5126,3264,4928,3595,1884,356,464
119,119,PAL_FR36_2020-12-13,NikonD7000_18mm,DSC_6794.JPG,DSC_6794,3264,4928,1553,523,339,258
120,120,PAL_FR36_2020-12-13,NikonD7000_18mm,DSC_5121.JPG,DSC_5121,3264,4928,3239,1566,340,356
121,121,PAL_FR36_2020-12-13,NikonD7000_18mm,DSC_6793.JPG,DSC_6793,3264,4928,1923,1393,320,289
122,122,PAL_FR36_2020-12-13,NikonD7000_18mm,DSC_5409.JPG,DSC_5409,3264,4928,3053,1744,286,333
123,123,PAL_FR36_2020-12-13,NikonD7000_18mm,DSC_6782.JPG,DSC_6782,3264,4928,3086,0,351,365
125,125,PAL_FR36_2020-12-13,NikonD7000_18mm,DSC_6785.JPG,DSC_6785,3264,4928,3561,87,417,378
126,126,PAL_FR36_2020-12-13,NikonD7000_18mm,DSC_5137.JPG,DSC_5137,3264,4928,1587,2794,332,312
127,127,PAL_FR36_2020-12-13,NikonD7000_18mm,DSC_5407.JPG,DSC_5407,3264,4928,3167,2509,293,281
128,128,PAL_FR36_2020-12-13,NikonD7000_18mm,DSC_6768.JPG,DSC_6768,3264,4928,2440,1682,328,332
129,129,PAL_FR36_2020-12-13,NikonD7000_18mm,DSC_6766.JPG,DSC_6766,3264,4928,3673,1558,333,333
130,130,PAL_FR36_2020-12-13,NikonD7000_18mm,DSC_5134.JPG,DSC_5134,3264,4928,1627,163,333,232
131,131,PAL_FR36_2020-12-13,NikonD7000_18mm,DSC_6786.JPG,DSC_6786,3264,4928,3781,1048,401,386
133,133,PAL_FR36_2020-12-13,NikonD7000_18mm,DSC_6781.JPG,DSC_6781,3264,4928,2332,1312,336,335
134,134,PAL_FR36_2020-12-13,NikonD7000_18mm,DSC_6788.JPG,DSC_6788,3264,4928,2743,1504,348,348
135,135,PAL_FR36_2020-12-13,NikonD7000_18mm,DSC_6765.JPG,DSC_6765,3264,4928,3867,1581,333,294
136,136,PAL_FR36_2020-12-13,NikonD7000_18mm,DSC_6762.JPG,DSC_6762,3264,4928,2973,247,239,260
137,137,PAL_FR36_2020-12-13,NikonD7000_18mm,DSC_6773.JPG,DSC_6773,3264,4928,2317,1629,379,371
138,138,PAL_FR36_2020-12-13,NikonD7000_18mm,DSC_6774.JPG,DSC_6774,3264,4928,2495,1187,379,387
139,139,PAL_FR36_2020-12-13,NikonD7000_18mm,DSC_5117.JPG,DSC_5117,3264,4928,3236,2258,224,301
140,140,PAL_FR36_2020-12-13,NikonD7000_18mm,DSC_5272.JPG,DSC_5272,3264,4928,3588,478,247,231
141,141,PAL_FR36_2020-12-13,NikonD7000_18mm,DSC_5119.JPG,DSC_5119,3264,4928,3301,1643,209,302
142,142,PAL_FR36_2020-12-13,NikonD7000_18mm,DSC_5275.JPG,DSC_5275,3264,4928,3742,2212,316,289
143,143,PAL_FR36_2020-12-13,NikonD7000_18mm,DSC_5412.JPG,DSC_5412,3264,4928,3043,319,320,312
144,144,PAL_FR36_2020-12-13,NikonD7000_18mm,DSC_6790.JPG,DSC_6790,3264,4928,2588,2798,339,324
145,145,PAL_FR36_2020-12-13,NikonD7000_18mm,DSC_5122.JPG,DSC_5122,3264,4928,3291,1605,359,355
146,146,PAL_FR36_2020-12-13,NikonD7000_18mm,DSC_6797.JPG,DSC_6797,3264,4928,2549,0,324,125
147,147,PAL_FR36_2020-12-13,NikonD7000_18mm,DSC_5125.JPG,DSC_5125,3264,4928,2464,1985,387,395
148,148,PAL_FR36_2020-12-13,NikonD7000_18mm,DSC_6763.JPG,DSC_6763,3264,4928,3332,690,294,294
149,149,PAL_FR36_2020-12-13,NikonD7000_18mm,DSC_6764.JPG,DSC_6764,3264,4928,3673,1279,333,286
150,150,PAL_FR36_2020-12-13,NikonD7000_18mm,DSC_6789.JPG,DSC_6789,3264,4928,2727,2480,348,340
151,151,PAL_FR36_2020-12-13,NikonD7000_18mm,DSC_6780.JPG,DSC_6780,3264,4928,1572,2091,316,324
153,153,PAL_FR36_2020-12-13,NikonD7000_18mm,DSC_6787.JPG,DSC_6787,3264,4928,3178,1223,363,347
154,154,PAL_FR36_2020-12-13,NikonD7000_18mm,DSC_5135.JPG,DSC_5135,3264,4928,1387,1016,302,263
155,155,PAL_FR36_2020-12-13,NikonD7000_18mm,DSC_5124.JPG,DSC_5124,3264,4928,2750,2473,426,433
156,156,PAL_FR36_2020-12-13,NikonD7000_18mm,DSC_6796.JPG,DSC_6796,3264,4928,2232,0,262,179
157,157,PAL_FR36_2020-12-13,NikonD7000_18mm,DSC_5123.JPG,DSC_5123,3264,4928,2896,1937,374,366
158,158,PAL_FR36_2020-12-13,NikonD7000_18mm,DSC_6791.JPG,DSC_6791,3264,4928,2255,2659,332,320
161,161,PAL_FR36_2020-12-13,NikonD7000_18mm,DSC_5413.JPG,DSC_5413,3264,4928,2970,0,274,260
162,162,PAL_FR36_2020-12-13,NikonD7000_18mm,DSC_5274.JPG,DSC_5274,3264,4928,3622,1767,262,270
163,163,PAL_FR36_2020-12-13,NikonD7000_18mm,DSC_5273.JPG,DSC_5273,3264,4928,3437,1242,243,258
164,164,PAL_FR36_2020-12-13,NikonD7000_18mm,DSC_5118.JPG,DSC_5118,3264,4928,3402,1883,185,302
166,166,PAL_FR36_2020-12-13,NikonD7000_18mm,DSC_5116.JPG,DSC_5116,3264,4928,3148,2204,243,281
167,167,PAL_FR36_2020-12-13,NikonD7000_18mm,DSC_6772.JPG,DSC_6772,3264,4928,2317,1845,379,348
168,168,PAL_FR36_2020-12-13,NikonD780,DSC_0205.JPG,DSC_0205,6048,4024,2521,4325,421,408
169,169,PAL_FR36_2020-12-13,NikonD780,DSC_0160.JPG,DSC_0160,6048,4024,151,5256,352,370
170,170,PAL_FR36_2020-12-13,NikonD780,DSC_1051.JPG,DSC_1051,6048,4024,2993,4363,295,352
171,171,PAL_FR36_2020-12-13,NikonD780,DSC_1175.JPG,DSC_1175,4024,6048,4361,334,364,369
172,172,PAL_FR36_2020-12-13,NikonD780,DSC_1257.JPG,DSC_1257,4024,6048,2517,2775,317,322
173,173,PAL_FR36_2020-12-13,NikonD780,DSC_1805.JPG,DSC_1805,4024,6048,3029,1927,260,303
174,174,PAL_FR36_2020-12-13,NikonD780,DSC_1930.JPG,DSC_1930,6048,4024,1805,1156,289,270
175,175,PAL_FR36_2020-12-13,NikonD780,DSC_1248.JPG,DSC_1248,4024,6048,1796,3031,364,374
176,176,PAL_FR36_2020-12-13,NikonD780,DSC_0925.JPG,DSC_0925,4024,6048,2294,3254,270,284
177,177,PAL_FR36_2020-12-13,NikonD780,DSC_0144.JPG,DSC_0144,6048,4024,120,2798,414,389
178,178,PAL_FR36_2020-12-13,NikonD780,DSC_0143.JPG,DSC_0143,6048,4024,1521,2842,452,452
179,179,PAL_FR36_2020-12-13,NikonD780,DSC_0981.JPG,DSC_0981,4024,6048,4033,1490,350,322
180,180,PAL_FR36_2020-12-13,NikonD780,DSC_1246.JPG,DSC_1246,4024,6048,1237,1913,388,355
181,181,PAL_FR36_2020-12-13,NikonD780,DSC_1180.JPG,DSC_1180,4024,6048,5389,400,327,312
182,182,PAL_FR36_2020-12-13,NikonD780,DSC_1804.JPG,DSC_1804,4024,6048,2929,519,274,312
183,183,PAL_FR36_2020-12-13,NikonD780,DSC_0996.JPG,DSC_0996,6048,4024,3364,3338,383,314
184,184,PAL_FR36_2020-12-13,NikonD780,DSC_1256.JPG,DSC_1256,6048,4024,1220,2201,333,345
185,185,PAL_FR36_2020-12-13,NikonD780,DSC_1050.JPG,DSC_1050,6048,4024,1327,4238,339,339
186,186,PAL_FR36_2020-12-13,NikonD780,DSC_0161.JPG,DSC_0161,6048,4024,1389,5558,352,377
187,187,PAL_FR36_2020-12-13,NikonD780,DSC_0204.JPG,DSC_0204,6048,4024,3225,4394,396,408
188,188,PAL_FR36_2020-12-13,NikonD780,DSC_0203.JPG,DSC_0203,4024,6048,4593,354,445,383
189,189,PAL_FR36_2020-12-13,NikonD780,DSC_0082.JPG,DSC_0082,6048,4024,3671,2647,352,452
190,190,PAL_FR36_2020-12-13,NikonD780,DSC_0142.JPG,DSC_0142,4024,6048,2356,581,393,383
191,191,PAL_FR36_2020-12-13,NikonD780,DSC_0980.JPG,DSC_0980,4024,6048,4446,794,383,298
192,192,PAL_FR36_2020-12-13,NikonD780,DSC_1247.JPG,DSC_1247,4024,6048,1195,2941,355,379
194,194,PAL_FR36_2020-12-13,NikonD780,DSC_1860.JPG,DSC_1860,6048,4024,3440,3778,301,276
195,195,PAL_FR36_2020-12-13,NikonD780,DSC_0924.JPG,DSC_0924,4024,6048,2488,1073,298,274
196,196,PAL_FR36_2020-12-13,NikonD780,DSC_1931.JPG,DSC_1931,6048,4024,2848,1722,339,276
197,197,PAL_FR36_2020-12-13,NikonD780,DSC_0923.JPG,DSC_0923,4024,6048,1592,97,308,232
198,198,PAL_FR36_2020-12-13,NikonD780,DSC_1858.JPG,DSC_1858,6048,4024,1616,4218,326,308
199,199,PAL_FR36_2020-12-13,NikonD780,DSC_0081.JPG,DSC_0081,6048,4024,2132,3081,477,458
201,201,PAL_FR36_2020-12-13,NikonD780,DSC_1244.JPG,DSC_1244,4024,6048,241,856,412,369
202,202,PAL_FR36_2020-12-13,NikonD780,DSC_0992.JPG,DSC_0992,6048,4024,471,4766,308,301
203,203,PAL_FR36_2020-12-13,NikonD780,DSC_1066.JPG,DSC_1066,4024,6048,2181,1529,293,279
204,204,PAL_FR36_2020-12-13,NikonD780,DSC_1255.JPG,DSC_1255,6048,4024,302,1144,370,352
205,205,PAL_FR36_2020-12-13,NikonD780,DSC_0995.JPG,DSC_0995,4024,6048,2223,2538,293,312
206,206,PAL_FR36_2020-12-13,NikonD780,DSC_0162.JPG,DSC_0162,4024,6048,403,2832,355,360
209,209,PAL_FR36_2020-12-13,NikonD780,DSC_0207.JPG,DSC_0207,6048,4024,874,4596,427,427
210,210,PAL_FR36_2020-12-13,NikonD780,DSC_0982.JPG,DSC_0982,6048,4024,2841,2477,308,314
211,211,PAL_FR36_2020-12-13,NikonD780,DSC_1183.JPG,DSC_1183,4024,6048,1019,632,369,336
212,212,PAL_FR36_2020-12-13,NikonD780,DSC_1245.JPG,DSC_1245,4024,6048,721,1571,355,355
213,213,PAL_FR36_2020-12-13,NikonD780,DSC_1857.JPG,DSC_1857,6048,4024,836,4470,289,264
214,214,PAL_FR36_2020-12-13,NikonD780,DSC_1859.JPG,DSC_1859,6048,4024,2508,3904,308,276
215,215,PAL_FR36_2020-12-13,NikonD780,DSC_0206.JPG,DSC_0206,6048,4024,1540,4414,414,421
216,216,PAL_FR36_2020-12-13,NikonD780,DSC_0979.JPG,DSC_0979,6048,4024,685,1961,308,358
218,218,PAL_FR36_2020-12-13,NikonD780,DSC_1176.JPG,DSC_1176,4024,6048,5498,1339,412,407
219,219,PAL_FR36_2020-12-13,NikonD780,DSC_0994.JPG,DSC_0994,4024,6048,1801,1467,308,327
220,220,PAL_FR36_2020-12-13,NikonD780,DSC_0993.JPG,DSC_0993,4024,6048,1256,566,308,336
221,221,PAL_FR36_2020-12-13,NikonD780,DSC_1254.JPG,DSC_1254,4024,6048,5821,524,227,341
222,222,PAL_FR36_2020-12-13,NikonD780,DSC_1806.JPG,DSC_1806,4024,6048,3284,3349,284,303
223,223,PAL_FR36_2020-12-13,NikonD7000_55mm,DSC_1913.JPG,DSC_1913,3264,4928,1827,2277,822,849
224,224,PAL_FR36_2020-12-13,NikonD7000_55mm,DSC_1914.JPG,DSC_1914,3264,4928,3089,1045,764,745
225,225,PAL_FR36_2020-12-13,NikonD7000_55mm,DSC_1915.JPG,DSC_1915,3264,4928,3318,1821,737,756
226,226,PAL_FR36_2020-12-13,NikonD7000_55mm,DSC_1912.JPG,DSC_1912,3264,4928,1649,226,834,884
227,227,PAL_FR36_2020-12-13,NikonD7000_55mm,DSC_0372.JPG,DSC_0372,3264,4928,3492,1852,1123,1189
228,228,PAL_FR36_2020-12-13,NikonD7000_55mm,DSC_1911.JPG,DSC_1911,3264,4928,2753,516,822,868
229,229,PAL_FR36_2020-12-13,NikonD7000_55mm,DSC_1916.JPG,DSC_1916,3264,4928,4325,910,598,687
230,230,PAL_FR36_2020-12-13,NikonD7000_55mm,DSC_0373.JPG,DSC_0373,3264,4928,2549,223,1092,1119
231,231,PAL_FR36_2020-12-13,NikonD7000_55mm,DSC_1910.JPG,DSC_1910,3264,4928,3310,0,872,334
232,232,LL_125-126,NikonD7000_18mm,DSC_3731.JPG,DSC_3731,3264,4928,1433,752,691,633
234,234,LL_125-126,NikonD7000_18mm,DSC_3937.JPG,DSC_3937,3264,4928,1306,748,745,695
235,235,LL_125-126,NikonD7000_18mm,DSC_3930.JPG,DSC_3930,3264,4928,3402,288,656,648
236,236,LL_125-126,NikonD7000_18mm,DSC_3942.JPG,DSC_3942,3264,4928,0,261,397,737
237,237,LL_125-126,NikonD7000_18mm,DSC_3939.JPG,DSC_3939,3264,4928,1047,879,795,718
238,238,LL_125-126,NikonD7000_18mm,DSC_4053.JPG,DSC_4053,3264,4928,1371,1860,644,699
240,240,LL_125-126,NikonD7000_18mm,DSC_3830.JPG,DSC_3830,3264,4928,738,1397,641,671
241,241,LL_125-126,NikonD7000_18mm,DSC_3442.JPG,DSC_3442,3264,4928,1568,1895,710,729
242,242,LL_125-126,NikonD7000_18mm,DSC_3729.JPG,DSC_3729,3264,4928,2537,485,641,587
243,243,LL_125-126,NikonD7000_18mm,DSC_4054.JPG,DSC_4054,3264,4928,1270,1648,714,683
244,244,LL_125-126,NikonD7000_18mm,DSC_3727.JPG,DSC_3727,3264,4928,2259,732,579,610
245,245,LL_125-126,NikonD7000_18mm,DSC_3938.JPG,DSC_3938,3264,4928,838,497,807,729
246,246,LL_125-126,NikonD7000_18mm,DSC_3931.JPG,DSC_3931,3264,4928,2838,508,660,664
247,247,LL_125-126,NikonD7000_18mm,DSC_3936.JPG,DSC_3936,3264,4928,1657,825,749,695
250,250,LL_125-126,NikonD7000_18mm,DSC_3730.JPG,DSC_3730,3264,4928,1989,512,679,614
251,251,LL_125-126,NikonD7000_18mm,DSC_3829.JPG,DSC_3829,3264,4928,471,1214,660,726
253,253,LL_125-126,NikonD7000_18mm,DSC_3726.JPG,DSC_3726,3264,4928,2657,462,614,571
255,255,LL_125-126,NikonD7000_18mm,DSC_3443.JPG,DSC_3443,3264,4928,1993,1223,706,733
256,256,LL_125-126,NikonD7000_18mm,DSC_3728.JPG,DSC_3728,3264,4928,2302,519,644,614
257,257,LL_125-126,NikonD7000_18mm,DSC_4055.JPG,DSC_4055,3264,4928,2024,1168,695,710
258,258,LL_125-126,NikonD7000_18mm,DSC_4052.JPG,DSC_4052,3264,4928,908,1744,737,695
259,259,LL_125-126,NikonD7000_18mm,DSC_3444.JPG,DSC_3444,3264,4928,1684,605,791,733
260,260,LL_125-126,NikonD7000_18mm,DSC_3929.JPG,DSC_3929,3264,4928,3927,292,656,648
261,261,LL_125-126,NikonD7000_18mm,DSC_3725.JPG,DSC_3725,3264,4928,3136,95,641,621
262,262,LL_125-126,NikonD7000_18mm,DSC_3498.JPG,DSC_3498,3264,4928,2170,636,756,791
264,264,LL_125-126,NikonD7000_18mm,DSC_3496.JPG,DSC_3496,3264,4928,1097,2637,760,627
268,268,LL_125-126,NikonD7000_18mm,DSC_4056.JPG,DSC_4056,3264,4928,2892,581,834,834
269,269,LL_125-126,NikonD7000_18mm,DSC_3940.JPG,DSC_3940,3264,4928,1136,211,749,783
270,270,LL_125-126,NikonD7000_18mm,DSC_3935.JPG,DSC_3935,3264,4928,1865,949,695,687
271,271,LL_125-126,NikonD7000_18mm,DSC_3932.JPG,DSC_3932,3264,4928,2599,558,718,660
273,273,LL_125-126,NikonD7000_18mm,DSC_3733.JPG,DSC_3733,3264,4928,401,191,722,710
276,276,LL_125-126,NikonD7000_18mm,DSC_4057.JPG,DSC_4057,3264,4928,2723,1207,791,814
277,277,LL_125-126,NikonD7000_18mm,DSC_3497.JPG,DSC_3497,3264,4928,1317,1111,741,783
282,282,LL_125-126,NikonD7000_18mm,DSC_3724.JPG,DSC_3724,3264,4928,3657,227,598,621
283,283,LL_125-126,NikonD7000_18mm,DSC_3732.JPG,DSC_3732,3264,4928,1113,829,679,625
286,286,LL_125-126,NikonD7000_18mm,DSC_3933.JPG,DSC_3933,3264,4928,2421,879,710,714
287,287,LL_125-126,NikonD7000_18mm,DSC_3934.JPG,DSC_3934,3264,4928,2147,1079,660,660
288,288,LL_125-126,NikonD7000_18mm,DSC_3941.JPG,DSC_3941,3264,4928,93,57,841,787
289,289,PAL_FR13_2020-12-13,NikonD7000_55mm,DSC_6918.JPG,DSC_6918,3264,4928,4295,1084,633,1023
290,290,PAL_FR13_2020-12-13,NikonD7000_55mm,DSC_9202.JPG,DSC_9202,3264,4928,0,570,822,1297
291,291,PAL_FR13_2020-12-13,NikonD7000_55mm,DSC_6917.JPG,DSC_6917,3264,4928,4241,2091,687,996
292,292,PAL_FR13_2020-12-13,NikonD7000_55mm,DSC_6919.JPG,DSC_6919,3264,4928,4179,80,749,1077
293,293,PAL_FR13_2020-12-13,NikonD7000_18mm,DSC_4275.JPG,DSC_4275,3264,4928,1201,2435,401,378
294,294,PAL_FR13_2020-12-13,NikonD7000_18mm,DSC_4272.JPG,DSC_4272,3264,4928,618,0,444,411
295,295,PAL_FR13_2020-12-13,NikonD7000_18mm,DSC_1664.JPG,DSC_1664,3264,4928,2955,2668,355,335
296,296,PAL_FR13_2020-12-13,NikonD7000_18mm,DSC_4273.JPG,DSC_4273,3264,4928,907,744,432,413
297,297,PAL_FR13_2020-12-13,NikonD7000_18mm,DSC_4274.JPG,DSC_4274,3264,4928,1070,1481,405,390
298,298,PAL_FR13_2020-12-13,NikonD7000_18mm,DSC_1665.JPG,DSC_1665,3264,4928,3063,2412,351,351
299,299,PAL_FR13_2020-12-13,NikonD7000_18mm,DSC_1666.JPG,DSC_1666,3264,4928,3116,2038,378,363
300,300,PAL_FR13_2020-12-13,NikonD7000_18mm,DSC_1668.JPG,DSC_1668,3264,4928,2997,1018,382,382
301,301,PAL_FR13_2020-12-13,NikonD7000_18mm,DSC_1669.JPG,DSC_1669,3264,4928,2545,257,390,417
302,302,PAL_FR13_2020-12-13,NikonD7000_18mm,DSC_1667.JPG,DSC_1667,3264,4928,3008,1744,374,378
303,303,LL_109-110,NikonD780,DSC_6054.JPG,DSC_6054,4024,6048,877,116,876,815
304,304,LL_109-110,NikonD780,DSC_6053.JPG,DSC_6053,4024,6048,1119,1363,753,786
305,305,LL_109-110,NikonD780,DSC_5197.JPG,DSC_5197,4024,6048,905,1235,682,606
306,306,LL_109-110,NikonD780,DSC_5555.JPG,DSC_5555,4024,6048,5019,1913,786,753
307,307,LL_109-110,NikonD780,DSC_5199.JPG,DSC_5199,4024,6048,2043,727,668,620
308,308,LL_109-110,NikonD780,DSC_5476.JPG,DSC_5476,4024,6048,2189,0,540,395
309,309,LL_109-110,NikonD780,DSC_5211.JPG,DSC_5211,4024,6048,2000,1140,1829,1663
310,310,LL_109-110,NikonD780,DSC_5431.JPG,DSC_5431,6048,4024,3357,4458,666,785
311,311,LL_109-110,NikonD780,DSC_5380.JPG,DSC_5380,4024,6048,421,931,564,507
313,313,LL_109-110,NikonD780,DSC_5209.JPG,DSC_5209,4024,6048,2294,1178,1801,1725
315,315,LL_109-110,NikonD780,DSC_5207.JPG,DSC_5207,4024,6048,2232,1311,1384,1303
316,316,LL_109-110,NikonD780,DSC_5200.JPG,DSC_5200,4024,6048,2413,756,663,644
317,317,LL_109-110,NikonD780,DSC_5469.JPG,DSC_5469,4024,6048,763,727,616,668
319,319,LL_109-110,NikonD780,DSC_5210.JPG,DSC_5210,4024,6048,2114,1116,1910,1801
320,320,LL_109-110,NikonD780,DSC_5921.JPG,DSC_5921,6048,4024,0,3609,1062,1772
321,321,LL_109-110,NikonD780,DSC_5198.JPG,DSC_5198,4024,6048,1166,732,668,630
322,322,LL_109-110,NikonD780,DSC_5470.JPG,DSC_5470,4024,6048,654,1382,649,635
323,323,LL_109-110,NikonD780,DSC_6052.JPG,DSC_6052,4024,6048,1512,1879,801,758
324,324,LL_109-110,NikonD780,DSC_5196.JPG,DSC_5196,6048,4024,2452,1188,584,603
325,325,LL_109-110,NikonD780,DSC_6055.JPG,DSC_6055,4024,6048,2204,0,782,476
326,326,LL_109-110,NikonD780,DSC_5479.JPG,DSC_5479,4024,6048,2640,0,573,428
327,327,LL_109-110,NikonD780,DSC_5482.JPG,DSC_5482,6048,4024,0,2470,534,666
328,328,LL_109-110,NikonD780,DSC_5201.JPG,DSC_5201,4024,6048,2341,732,658,644
329,329,LL_109-110,NikonD780,DSC_5428.JPG,DSC_5428,4024,6048,2849,0,838,481
330,330,LL_109-110,NikonD780,DSC_5206.JPG,DSC_5206,4024,6048,2327,1666,1222,1142
331,331,LL_109-110,NikonD780,DSC_5426.JPG,DSC_5426,6048,4024,484,3049,968,974
332,332,LL_109-110,NikonD780,DSC_5381.JPG,DSC_5381,4024,6048,943,955,516,511
333,333,LL_109-110,NikonD780,DSC_5208.JPG,DSC_5208,4024,6048,2280,1268,1568,1417
334,334,LL_109-110,NikonD780,DSC_5421.JPG,DSC_5421,4024,6048,2157,3709,701,315
335,335,LL_109-110,NikonD780,DSC_5205.JPG,DSC_5205,4024,6048,2280,1377,1066,1009
336,336,LL_109-110,NikonD780,DSC_5481.JPG,DSC_5481,6048,4024,1183,2490,653,685
337,337,LL_109-110,NikonD780,DSC_5508.JPG,DSC_5508,4024,6048,2304,1671,857,843
338,338,LL_109-110,NikonD780,DSC_5202.JPG,DSC_5202,4024,6048,2351,386,763,801
339,339,LL_109-110,NikonD780,DSC_5422.JPG,DSC_5422,4024,6048,2251,2823,796,739
340,340,LL_109-110,NikonD780,DSC_5425.JPG,DSC_5425,6048,4024,1521,3074,974,980
341,341,LL_109-110,NikonD780,DSC_5382.JPG,DSC_5382,6048,4024,2339,1540,502,528
342,342,LL_109-110,NikonD780,DSC_5434.JPG,DSC_5434,4024,6048,4560,3411,801,601
343,343,LL_109-110,NikonD780,DSC_5433.JPG,DSC_5433,4024,6048,4972,2060,786,739
344,344,LL_109-110,NikonD780,DSC_5213.JPG,DSC_5213,4024,6048,2322,2092,862,810
345,345,LL_109-110,NikonD780,DSC_5557.JPG,DSC_5557,6048,4024,277,786,779,817
346,346,LL_109-110,NikonD780,DSC_5801.JPG,DSC_5801,6048,4024,3377,4985,647,924
347,347,LL_109-110,NikonD780,DSC_6089.JPG,DSC_6089,4024,6048,3261,519,1009,1075
348,348,LL_109-110,NikonD780,DSC_5474.JPG,DSC_5474,6048,4024,779,5476,704,546
349,349,LL_109-110,NikonD780,DSC_5922.JPG,DSC_5922,6048,4024,522,2534,1596,1559
350,350,LL_109-110,NikonD780,DSC_6087.JPG,DSC_6087,6048,4024,3193,1628,830,1125
351,351,LL_109-110,NikonD780,DSC_5808.JPG,DSC_5808,6048,4024,1755,1873,785,754
352,352,LL_109-110,NikonD780,DSC_5195.JPG,DSC_5195,4024,6048,1156,642,620,573
353,353,LL_109-110,NikonD780,DSC_5383.JPG,DSC_5383,6048,4024,1170,1516,553,521
354,354,LL_109-110,NikonD780,DSC_5424.JPG,DSC_5424,4024,6048,2014,1794,886,848
355,355,LL_109-110,NikonD780,DSC_5799.JPG,DSC_5799,6048,4024,1107,5130,785,748
356,356,LL_109-110,NikonD780,DSC_5507.JPG,DSC_5507,4024,6048,2356,2572,853,819
357,357,LL_109-110,NikonD780,DSC_5423.JPG,DSC_5423,4024,6048,2237,2159,801,824
358,358,LL_109-110,NikonD780,DSC_5384.JPG,DSC_5384,6048,4024,246,1722,553,528
359,359,LL_109-110,NikonD780,DSC_5480.JPG,DSC_5480,4024,6048,2522,756,649,687
360,360,LL_109-110,NikonD780,DSC_5509.JPG,DSC_5509,4024,6048,2185,386,872,872
361,361,LL_109-110,NikonD780,DSC_5203.JPG,DSC_5203,4024,6048,2275,932,924,867
362,362,LL_109-110,NikonD780,DSC_5204.JPG,DSC_5204,4024,6048,2100,1164,1071,981
363,363,LL_109-110,NikonD780,DSC_5194.JPG,DSC_5194,4024,6048,1142,0,582,485
364,364,LL_109-110,NikonD780,DSC_5809.JPG,DSC_5809,6048,4024,572,1854,729,710
365,365,LL_109-110,NikonD780,DSC_6088.JPG,DSC_6088,4024,6048,3237,1842,1104,1085
366,366,LL_109-110,NikonD780,DSC_5475.JPG,DSC_5475,6048,4024,221,4458,603,641
367,367,LL_109-110,NikonD780,DSC_5923.JPG,DSC_5923,6048,4024,208,1892,1653,1559
368,368,LL_109-110,NikonD780,DSC_5924.JPG,DSC_5924,6048,4024,0,1647,685,1364
369,369,LL_109-110,NikonD780,DSC_5556.JPG,DSC_5556,6048,4024,937,1000,817,823
370,370,LL_109-110,NikonD780,DSC_5800.JPG,DSC_5800,6048,4024,2244,4903,798,792
371,371,LL_109-110,NikonD780,DSC_5212.JPG,DSC_5212,4024,6048,2114,1150,1308,1213
372,372,LL_109-110,NikonD780,DSC_5432.JPG,DSC_5432,4024,6048,4669,452,786,744
373,373,LL_121-122,NikonD7000_18mm,DSC_4097.JPG,DSC_4097,3264,4928,0,1713,405,946
374,374,LL_121-122,NikonD7000_18mm,DSC_4099.JPG,DSC_4099,3264,4928,0,61,386,903
375,375,LL_121-122,NikonD7000_18mm,DSC_4048.JPG,DSC_4048,3264,4928,3271,0,807,573
376,376,LL_121-122,NikonD7000_18mm,DSC_4595.JPG,DSC_4595,3264,4928,2553,195,795,668
377,377,LL_121-122,NikonD7000_18mm,DSC_4006.JPG,DSC_4006,3264,4928,143,2029,753,718
378,378,LL_121-122,NikonD7000_18mm,DSC_4702.JPG,DSC_4702,3264,4928,606,435,942,899
379,379,LL_121-122,NikonD7000_18mm,DSC_4059.JPG,DSC_4059,3264,4928,1958,2833,726,430
380,380,LL_121-122,NikonD7000_18mm,DSC_4101.JPG,DSC_4101,3264,4928,1877,114,934,930
382,382,LL_121-122,NikonD7000_18mm,DSC_4050.JPG,DSC_4050,3264,4928,3716,2022,795,741
384,384,LL_121-122,NikonD7000_18mm,DSC_4703.JPG,DSC_4703,3264,4928,1375,195,907,892
385,385,LL_121-122,NikonD7000_18mm,DSC_4593.JPG,DSC_4593,3264,4928,3843,651,822,710
386,386,LL_121-122,NikonD7000_18mm,DSC_4594.JPG,DSC_4594,3264,4928,2889,678,753,625
387,387,LL_121-122,NikonD7000_18mm,DSC_4049.JPG,DSC_4049,3264,4928,3538,1315,814,772
388,388,LL_121-122,NikonD7000_18mm,DSC_4386.JPG,DSC_4386,3264,4928,0,1547,409,814
389,389,LL_121-122,NikonD7000_18mm,DSC_4096.JPG,DSC_4096,3264,4928,0,2478,556,772
391,391,LL_121-122,NikonD7000_18mm,DSC_4051.JPG,DSC_4051,3264,4928,3615,1809,749,768
393,393,LL_121-122,NikonD7000_18mm,DSC_4058.JPG,DSC_4058,3264,4928,2147,1771,695,772
394,394,LL_121-122,NikonD7000_18mm,DSC_4100.JPG,DSC_4100,3264,4928,1726,214,934,938
395,395,LL_121-122,NikonD7000_18mm,DSC_4011.JPG,DSC_4011,3264,4928,2232,2254,726,675
396,396,LL_121-122,NikonD7000_18mm,DSC_4695.JPG,DSC_4695,3264,4928,1185,0,884,450
397,397,LL_121-122,NikonD7000_18mm,DSC_4600.JPG,DSC_4600,3264,4928,3967,2173,857,868
398,398,LL_121-122,NikonD7000_18mm,DSC_4696.JPG,DSC_4696,3264,4928,1402,172,942,961
399,399,LL_121-122,NikonD7000_18mm,DSC_4012.JPG,DSC_4012,3264,4928,2287,1026,691,648
400,400,LL_121-122,NikonD7000_18mm,DSC_4698.JPG,DSC_4698,3264,4928,1062,1011,984,1015
401,401,LL_121-122,NikonD7000_18mm,DSC_4700.JPG,DSC_4700,3264,4928,1259,609,1023,977
402,402,LL_121-122,NikonD7000_18mm,DSC_4599.JPG,DSC_4599,3264,4928,4503,2188,424,857
403,403,LL_121-122,NikonD7000_18mm,DSC_4004.JPG,DSC_4004,3264,4928,420,145,672,648
404,404,LL_121-122,NikonD7000_18mm,DSC_4385.JPG,DSC_4385,3264,4928,1116,944,753,660
405,405,LL_121-122,NikonD7000_18mm,DSC_4699.JPG,DSC_4699,3264,4928,1321,894,1073,1042
406,406,LL_121-122,NikonD7000_18mm,DSC_4013.JPG,DSC_4013,3264,4928,2352,948,672,641
407,407,LL_121-122,NikonD7000_18mm,DSC_4697.JPG,DSC_4697,3264,4928,1240,809,980,1050
408,408,LL_121-122,NikonD7000_18mm,DSC_4102.JPG,DSC_4102,3264,4928,0,0,378,608
409,409,LL_121-122,NikonD7000_18mm,DSC_4601.JPG,DSC_4601,3264,4928,3372,2887,1011,376
410,410,LL_121-122,NikonD7000_18mm,DSC_4384.JPG,DSC_4384,3264,4928,1054,64,706,594
411,411,LL_121-122,NikonD7000_18mm,DSC_4005.JPG,DSC_4005,3264,4928,4,1273,764,679
412,412,LL_121-122,NikonD7000_18mm,DSC_4596.JPG,DSC_4596,3264,4928,2271,0,803,430
413,413,LL_121-122,NikonD7000_18mm,DSC_4701.JPG,DSC_4701,3264,4928,961,532,1000,953
414,414,LL_119-120,NikonD7000_18mm,DSC_1084.JPG,DSC_1084,3264,4928,0,635,1035,1390
415,415,LL_119-120,NikonD7000_18mm,DSC_1083.JPG,DSC_1083,3264,4928,216,1420,1228,1197
416,416,LL_119-120,NikonD7000_18mm,DSC_1143.JPG,DSC_1143,3264,4928,2904,2343,660,687
417,417,LL_119-120,NikonD7000_18mm,DSC_1144.JPG,DSC_1144,3264,4928,2727,1612,691,710
418,418,LL_119-120,NikonD7000_18mm,DSC_1078.JPG,DSC_1078,3264,4928,1360,0,803,291
419,419,LL_119-120,NikonD7000_18mm,DSC_1076.JPG,DSC_1076,3264,4928,1097,1250,756,729
420,420,LL_119-120,NikonD7000_18mm,DSC_1092.JPG,DSC_1092,3264,4928,2116,0,1560,1307
421,421,LL_119-120,NikonD7000_18mm,DSC_1095.JPG,DSC_1095,3264,4928,2263,0,1560,960
422,422,LL_119-120,NikonD7000_18mm,DSC_1145.JPG,DSC_1145,3264,4928,2800,728,641,668
423,423,LL_119-120,NikonD7000_18mm,DSC_1142.JPG,DSC_1142,3264,4928,3055,3057,594,200
424,424,LL_119-120,NikonD7000_18mm,DSC_1082.JPG,DSC_1082,3264,4928,908,1868,1089,1023
425,425,LL_119-120,NikonD7000_18mm,DSC_1085.JPG,DSC_1085,3264,4928,259,1211,1463,1359
426,426,LL_119-120,NikonD7000_18mm,DSC_1094.JPG,DSC_1094,3264,4928,1568,0,1660,1048
427,427,LL_119-120,NikonD7000_18mm,DSC_1093.JPG,DSC_1093,3264,4928,1367,0,1602,1346
428,428,LL_119-120,NikonD7000_18mm,DSC_1077.JPG,DSC_1077,3264,4928,1290,357,764,756
429,429,LL_119-120,NikonD7000_18mm,DSC_1079.JPG,DSC_1079,3264,4928,1947,906,803,756
430,430,LL_119-120,NikonD7000_18mm,DSC_1099.JPG,DSC_1099,3264,4928,1132,891,865,911
431,431,LL_119-120,NikonD7000_18mm,DSC_1034.JPG,DSC_1034,3264,4928,854,1025,799,772
432,432,LL_119-120,NikonD7000_18mm,DSC_1033.JPG,DSC_1033,3264,4928,958,404,791,772
433,433,LL_119-120,NikonD7000_18mm,DSC_1090.JPG,DSC_1090,3264,4928,1912,0,1378,1311
434,434,LL_119-120,NikonD7000_18mm,DSC_1097.JPG,DSC_1097,3264,4928,1417,41,992,973
435,435,LL_119-120,NikonD7000_18mm,DSC_0987.JPG,DSC_0987,3264,4928,958,998,617,660
436,436,LL_119-120,NikonD7000_18mm,DSC_1628.JPG,DSC_1628,3264,4928,1352,698,845,857
437,437,LL_119-120,NikonD7000_18mm,DSC_1146.JPG,DSC_1146,3264,4928,2637,0,672,585
438,438,LL_119-120,NikonD7000_18mm,DSC_1086.JPG,DSC_1086,3264,4928,413,1207,1394,1409
439,439,LL_119-120,NikonD7000_18mm,DSC_1081.JPG,DSC_1081,3264,4928,993,1659,919,892
440,440,LL_119-120,NikonD7000_18mm,DSC_1088.JPG,DSC_1088,3264,4928,1140,531,1351,1371
441,441,LL_119-120,NikonD7000_18mm,DSC_1101.JPG,DSC_1101,3264,4928,1008,1632,849,880
442,442,LL_119-120,NikonD7000_18mm,DSC_1629.JPG,DSC_1629,3264,4928,1672,458,1062,1054
443,443,LL_119-120,NikonD7000_18mm,DSC_1627.JPG,DSC_1627,3264,4928,317,744,907,872
444,444,LL_119-120,NikonD7000_18mm,DSC_1075.JPG,DSC_1075,3264,4928,532,2382,784,783
445,445,LL_119-120,NikonD7000_18mm,DSC_0986.JPG,DSC_0986,3264,4928,683,1133,672,668
446,446,LL_119-120,NikonD7000_18mm,DSC_1096.JPG,DSC_1096,3264,4928,1858,492,1181,1108
447,447,LL_119-120,NikonD7000_18mm,DSC_1091.JPG,DSC_1091,3264,4928,2144,0,1587,1369
448,448,LL_119-120,NikonD7000_18mm,DSC_1032.JPG,DSC_1032,3264,4928,915,296,807,795
449,449,LL_119-120,NikonD7000_18mm,DSC_1098.JPG,DSC_1098,3264,4928,981,400,926,996
450,450,LL_119-120,NikonD7000_18mm,DSC_1035.JPG,DSC_1035,3264,4928,973,1725,799,749
451,451,LL_119-120,NikonD7000_18mm,DSC_1089.JPG,DSC_1089,3264,4928,1850,6,1305,1154
452,452,LL_119-120,NikonD7000_18mm,DSC_1100.JPG,DSC_1100,3264,4928,1027,1014,865,919
453,453,LL_119-120,NikonD7000_18mm,DSC_1080.JPG,DSC_1080,3264,4928,1714,1574,776,787
454,454,LL_119-120,NikonD7000_18mm,DSC_1087.JPG,DSC_1087,3264,4928,15,1744,1452,1351
